1, 0, files/7176e5ee-d87d-11e8-8dc5-f48c5031df2f.dat
2, 0, files/71784462-d87d-11e8-9d58-f48c5031df2f.dat
3, 0, files/7179551c-d87d-11e8-a9a7-f48c5031df2f.dat
4, 0, files/717a65d4-d87d-11e8-b595-f48c5031df2f.dat
5, 0, files/717b9d9c-d87d-11e8-8e11-f48c5031df2f.dat
6, 0, files/717cae34-d87d-11e8-99e5-f48c5031df2f.dat
7, 0, files/717de5f4-d87d-11e8-a02f-f48c5031df2f.dat
8, 0, files/717f448c-d87d-11e8-a657-f48c5031df2f.dat
9, 0, files/7181b3dc-d87d-11e8-93b0-f48c5031df2f.dat
10, 0, files/7182eb80-d87d-11e8-8d26-f48c5031df2f.dat
11, 0, files/71849808-d87d-11e8-877b-f48c5031df2f.dat
12, 0, files/718581da-d87d-11e8-9f62-f48c5031df2f.dat
13, 0, files/7186927a-d87d-11e8-83ca-f48c5031df2f.dat
14, 0, files/7187a336-d87d-11e8-a0e0-f48c5031df2f.dat
15, 0, files/71888cf4-d87d-11e8-a9b4-f48c5031df2f.dat
16, 0, files/718976b6-d87d-11e8-8e8c-f48c5031df2f.dat
17, 0, files/718a6066-d87d-11e8-a2d4-f48c5031df2f.dat
18, 0, files/718b711c-d87d-11e8-9c79-f48c5031df2f.dat
19, 0, files/718c5ae8-d87d-11e8-9fd8-f48c5031df2f.dat
20, 0, files/718d1dae-d87d-11e8-aca3-f48c5031df2f.dat
21, 0, files/718e5562-d87d-11e8-a1fc-f48c5031df2f.dat
